{
    "device_type": "D435i", 
    "imus": [
        {
            "accelerometer": {
                "bias": [
                    0.1245477234179511, 
                    0.1588427287163573, 
                    0.21999917249439602
                ], 
                "scale_and_alignment": [
                    1.0099019446225002, 
                    0.029905364060035907, 
                    -0.023982086124155234, 
                    -0.005420636053780787, 
                    1.0216883372297167, 
                    0.00718002874942214, 
                    -0.0023291129855889654, 
                    -0.01010095441549086, 
                    1.0115921361061402
                ]
            }, 
            "gyroscope": {
                "bias": [
                    0.00055685376598383, 
                    0.0007225707684860319, 
                    6.193463729880274e-05
                ], 
                "scale_and_alignment": [
                    1.0, 
                    0.0, 
                    0.0, 
                    0.0, 
                    1.0, 
                    0.0, 
                    0.0, 
                    0.0, 
                    1.0
                ]
            }
        }
    ]
}